date,median_price,price_before,price_after,absolute_shift,score
2026-03-20,67.74,,67.83,,
2026-03-21,67.93,,67.88,,
2026-03-22,67.83,,67.8825,,
2026-03-23,67.72,,67.94749999999999,,
2026-03-24,67.81,,67.96,,
2026-03-25,67.4,,67.96,,
2026-03-26,67.01,,67.96,,
2026-03-27,67.83,,67.96,,
2026-03-28,68.09,,67.98249999999999,,
2026-03-29,67.935,,67.98249999999999,,
2026-03-30,67.96,,68.01249999999999,,
2026-03-31,68.005,,68.01249999999999,,
2026-04-01,67.96,,68.02,,
2026-04-02,67.74,,68.025,,
2026-04-03,68.21,67.83,68.025,0.1950000000000074,1.143701722590772
2026-04-04,68.06,67.88,68.02,0.14000000000000057,0.8993210126354299
2026-04-05,68.02,67.8825,68.02,0.13750000000000284,0.8064563428524535
2026-04-06,67.96,67.94749999999999,68.025,0.07750000000001478,0.4545481205169147
2026-04-07,68.08,67.96,68.03,0.07000000000000739,0.5246039240374288
2026-04-08,67.96,67.96,68.03,0.07000000000000739,0.6092174601724685
2026-04-09,67.85,67.96,68.075,0.1150000000000091,1.0008572559976001
2026-04-10,68.14,67.96,68.13,0.1700000000000017,1.479528117561432
2026-04-11,68.17,67.98249999999999,68.14500000000001,0.16250000000002274,1.3700593551869333
2026-04-12,68.12,67.98249999999999,68.155,0.17250000000001364,1.2578341190240048
2026-04-13,67.9,68.01249999999999,68.21000000000001,0.19750000000001933,1.480132499962617
2026-04-14,68.02,68.01249999999999,68.21000000000001,0.19750000000001933,1.211017499969466
2026-04-15,68.03,68.02,68.235,0.2150000000000034,1.2084626107288732
2026-04-16,67.96,68.025,68.265,0.23999999999999488,1.1562698733884196
2026-04-17,67.96,68.025,68.32,0.2949999999999875,1.4738872151524416
2026-04-18,68.39,68.02,68.35,0.3299999999999983,1.3489815189531322
2026-04-19,68.24,68.02,68.35,0.3299999999999983,1.1414459006527338
2026-04-20,68.03,68.025,68.37,0.34499999999999886,1.2247332211549267
2026-04-21,68.23,68.03,68.39,0.35999999999999943,1.3489815189531904
2026-04-22,68.29,68.03,68.39,0.35999999999999943,1.3489815189531371
2026-04-23,68.19,68.075,68.44,0.3649999999999949,1.2009225717510041
2026-04-24,68.39,68.13,68.44,0.3100000000000023,1.0199616362816966
2026-04-25,68.55,68.14500000000001,68.495,0.3499999999999943,1.098008213101435
2026-04-26,68.39,68.155,68.495,0.3400000000000034,1.0666365498699582
2026-04-27,68.08,68.21000000000001,68.53,0.3199999999999932,1.0658619409012604
2026-04-28,68.35,68.21000000000001,68.565,0.35499999999998977,1.2602327348115119
2026-04-29,68.35,68.235,68.58,0.34499999999999886,1.224733221154881
2026-04-30,68.72,68.265,68.58,0.3149999999999977,1.2140833670578823
2026-05-01,68.65,68.32,68.58,0.2600000000000051,1.0021005569366916
2026-05-02,68.49,68.35,68.565,0.2150000000000034,0.9667700885831444
2026-05-03,68.62,68.35,68.58,0.23000000000000398,1.0342191645307581
2026-05-04,68.69,68.37,68.58,0.20999999999999375,0.8584427847884097
2026-05-05,68.03,68.39,68.58,0.18999999999999773,0.7766863290942224
2026-05-06,68.5,68.39,68.58,0.18999999999999773,0.7766863290942224
2026-05-07,68.375,68.44,68.58,0.14000000000000057,0.5722951898589346
2026-05-08,68.56,68.44,68.59,0.15000000000000568,0.6131734177060221
2026-05-09,68.57,68.495,68.64,0.14499999999999602,0.5927343037824493
2026-05-10,68.74,68.495,68.715,0.21999999999999886,0.9274247942803334
2026-05-11,68.69,68.53,68.69,0.1599999999999966,0.7708465822589856
2026-05-12,68.59,68.565,68.69,0.125,0.7331421298658516
2026-05-13,68.33,68.58,68.69,0.10999999999999943,0.6182831961869255
2026-05-14,68.59,68.58,68.69,0.10999999999999943,0.7809893004466477
2026-05-15,68.56,68.58,68.715,0.13500000000000512,0.8672024050414541
2026-05-16,68.79,68.565,68.74,0.17499999999999716,1.1803588290840896
2026-05-17,68.74,68.58,68.74,0.1599999999999966,0.9810774683295772
2026-05-18,68.79,68.58,68.74,0.1599999999999966,1.0791852151624373
2026-05-19,68.28,68.58,68.715,0.13500000000000512,0.9105625252933605
2026-05-20,68.5,68.58,68.74,0.1599999999999966,1.0791852151624373
2026-05-21,68.79,68.58,68.765,0.18500000000000227,1.24780790503161
2026-05-22,68.74,68.59,68.77,0.1799999999999926,1.3489815189531906
2026-05-23,68.8,68.64,68.8,0.1599999999999966,1.0791852151625907
2026-05-24,68.69,68.715,68.845,0.12999999999999545,0.876837987319593
2026-05-25,68.69,68.69,68.89,0.20000000000000284,0.9992455695950374
2026-05-26,68.62,68.69,68.91,0.21999999999999886,1.099170126554462
2026-05-27,68.66,68.69,68.93,0.2400000000000091,1.199094683513947
2026-05-28,68.8,68.69,68.93,0.2400000000000091,1.199094683513947
2026-05-29,68.74,68.715,68.95,0.23499999999999943,1.1741135442740258
2026-05-30,68.93,68.74,68.97999999999999,0.23999999999999488,1.245213709802826
2026-05-31,68.89,68.74,68.99,0.25,1.1629151025458857
2026-06-01,68.69,68.74,68.995,0.25500000000000966,1.5288457214803792
2026-06-02,68.89,68.715,69.0,0.2849999999999966,1.5378389316066188
2026-06-03,68.99,68.74,69.0025,0.26250000000000284,1.311509810093344
2026-06-04,68.97,68.765,69.02250000000001,0.2575000000000074,1.2865286708534938
2026-06-05,68.93,68.77,69.095,0.32500000000000284,1.2526256961708
2026-06-06,68.93,68.8,69.17,0.37000000000000455,1.3864532278130755
2026-06-07,69.04,68.845,69.19,0.34499999999999886,1.1933298052278167
2026-06-08,68.99,68.89,69.19,0.29999999999999716,1.1562698733884567
2026-06-09,69.005,68.91,69.22999999999999,0.3199999999999932,1.2696296648970804
2026-06-10,69.0,68.93,69.22999999999999,0.29999999999998295,1.4716162024942754
2026-06-11,69.0,68.93,69.28,0.3499999999999943,1.7816737042776702
2026-06-12,69.3,68.95,69.28,0.3299999999999983,1.5090301737441576
2026-06-13,69.19,68.97999999999999,69.28,0.30000000000001137,1.2646701740186346
2026-06-14,69.29,68.99,69.28,0.29000000000000625,1.304015468321396
2026-06-15,69.15,68.995,69.28,0.2849999999999966,1.1476409937362553
2026-06-16,69.46,69.0,69.295,0.2950000000000017,1.0611987949098491
2026-06-17,69.4,69.0025,69.295,0.292500000000004,1.0960474841494838
2026-06-18,69.69,69.02250000000001,69.295,0.27249999999999375,1.0973058624320682
2026-06-19,69.19,69.095,69.295,0.20000000000000284,0.8053621008676028
2026-06-20,69.27,69.17,69.295,0.125,0.5916585609443888
2026-06-21,69.13,69.19,69.345,0.15500000000000114,0.6637845569452304
2026-06-22,69.29,69.19,69.42,0.23000000000000398,0.9695804667476431
2026-06-23,69.11500000000001,69.22999999999999,69.42,0.19000000000001194,0.854354962003749
2026-06-24,69.39,69.22999999999999,69.45,0.22000000000001307,0.9892531138990746
2026-06-25,69.26,69.28,69.46000000000001,0.18000000000000682,0.899321012635555
2026-06-26,69.3,69.28,69.505,0.22499999999999432,1.1673878529402084
2026-06-27,69.26,69.28,69.55000000000001,0.27000000000001023,1.1749193874754493
2026-06-28,69.47,69.28,69.58,0.29999999999999716,1.2263468354119331
2026-06-29,69.45,69.28,69.615,0.33499999999999375,1.221375159052175
2026-06-30,69.56,69.295,69.655,0.35999999999999943,1.2779824916398779
2026-07-01,69.68,69.295,69.75,0.4549999999999983,1.5344664778092263
2026-07-02,69.45,69.295,69.86,0.5649999999999977,1.5878636629345122
2026-07-03,69.22,69.295,69.92500000000001,0.6300000000000097,1.7344048100827685
2026-07-04,69.54,69.295,69.97,0.6749999999999972,1.5974781145497634
2026-07-05,69.6,69.345,70.10499999999999,0.7599999999999909,1.6019155537569285
2026-07-06,69.35,69.42,70.255,0.8349999999999937,1.7066660126150173
2026-07-07,69.63,69.42,70.305,0.8850000000000051,1.7302154264834555
2026-07-08,69.95,69.45,70.305,0.855000000000004,1.4417239983812082
2026-07-09,69.9,69.46000000000001,70.33,0.8699999999999903,1.3971594303443546
2026-07-10,69.99,69.505,70.33,0.8250000000000028,1.3739626581931135
2026-07-11,69.82,69.55000000000001,70.345,0.7949999999999875,1.3927796202178897
2026-07-12,70.35,69.58,70.35499999999999,0.7749999999999915,1.4724798270263666
2026-07-13,70.48,69.615,70.35,0.7349999999999994,1.7094852007424088
2026-07-14,70.29,69.655,70.35,0.6949999999999932,1.820470205189237
2026-07-15,70.36,69.75,70.35,0.5999999999999943,1.7406213147782277
2026-07-16,70.36,69.86,70.33,0.46999999999999886,1.8114894683084477
2026-07-17,70.505,69.92500000000001,70.33,0.4049999999999869,1.6555682278061434
2026-07-18,70.22,69.97,70.33,0.35999999999999943,1.4716162024943948
2026-07-19,70.32,70.10499999999999,70.355,0.2500000000000142,1.1629151025459519
2026-07-20,70.34,70.255,70.38,0.125,0.5814575512729143
2026-07-21,70.15,70.305,70.38,0.07499999999998863,0.34887453076371283
2026-07-22,70.39,70.305,70.38,0.07499999999998863,0.38912928431335364
2026-07-23,70.25,70.33,70.34,0.010000000000005116,0.053959260758152154
2026-07-24,70.63,70.33,70.405,0.07500000000000284,0.38912928431342736
2026-07-25,70.52,70.345,70.405,0.060000000000002274,0.3113034274507419
2026-07-26,70.31,70.35499999999999,70.405,0.05000000000001137,0.2594195228756674
2026-07-27,70.37,70.35,70.455,0.10500000000000398,0.5554629783925211
2026-07-28,70.27,70.35,70.47,0.12000000000000455,0.5886464809978268
2026-07-29,70.19,70.35,70.47,0.12000000000000455,0.6348148324485956
2026-07-30,70.51,70.33,70.47,0.14000000000000057,0.7406173045233365
2026-07-31,70.63,70.33,70.455,0.125,0.6485488071890211
2026-08-01,70.44,70.33,70.455,0.125,0.6245284809968238
2026-08-02,70.63,70.355,70.455,0.09999999999999432,0.5188390457511873
2026-08-03,70.18,70.38,70.35499999999999,-0.025000000000005684,-0.12490569619939315
2026-08-04,70.21,70.38,70.35499999999999,-0.025000000000005684,-0.12044477847799033
2026-08-05,70.19999999999999,70.38,70.35499999999999,-0.025000000000005684,-0.12044477847799033
2026-08-06,70.47,70.34,70.455,0.11499999999999488,0.5745662025170523
2026-08-07,70.52,70.405,70.455,0.04999999999999716,0.19837963514016177
2026-08-08,70.52,70.405,70.35499999999999,-0.05000000000001137,-0.2498113923987863
2026-08-09,70.47,70.405,70.305,-0.09999999999999432,-0.46516604101828224
2026-08-10,70.5,70.455,70.275,-0.1799999999999926,-0.8372988738329213
2026-08-11,70.44,70.47,70.275,-0.19499999999999318,-1.011736139214893
2026-08-12,70.27,70.47,70.275,-0.19499999999999318,-0.7736805770466478
2026-08-13,70.21,70.47,70.31,-0.1599999999999966,-0.6166772658071696
2026-08-14,70.63,70.455,70.41499999999999,-0.04000000000000625,-0.1541693164518198
2026-08-15,70.27,70.455,70.41499999999999,-0.04000000000000625,-0.14988683543926706
2026-08-16,70.04,70.455,70.49000000000001,0.0350000000000108,0.1180358829084389
2026-08-17,70.04,70.35499999999999,70.505,0.15000000000000568,0.5058680696074583
2026-08-18,70.21,70.35499999999999,70.505,0.15000000000000568,0.5188390457512461
2026-08-19,70.49,70.35499999999999,70.505,0.15000000000000568,0.5188390457512461
2026-08-20,70.49000000000001,70.455,70.505,0.04999999999999716,0.17294634858373228
2026-08-21,70.19,70.455,70.525,0.07000000000000739,0.23031391787009112
2026-08-22,70.34,70.35499999999999,70.525,0.17000000000001592,0.6198023195190838
2026-08-23,70.28,70.305,,,
2026-08-24,70.52,70.275,,,
2026-08-25,70.71,70.275,,,
2026-08-26,70.82,70.275,,,
2026-08-27,70.9,70.31,,,
2026-08-28,70.87,70.41499999999999,,,
2026-08-29,70.81,70.41499999999999,,,
2026-08-30,70.66,70.49000000000001,,,
2026-08-31,70.37,70.505,,,
